{"cameraMode":{"drawMode":0,"name":"Shaded","section":"Shading Mode"},"sceneLighting":true,"audioPlay":false,"sceneViewState":{"m_AlwaysRefresh":false,"showFog":true,"showSkybox":true,"showFlares":true,"showImageEffects":true,"showParticleSystems":true,"showVisualEffectGraphs":true,"m_FxEnabled":true},"in2DMode":false,"pivot":{"x":495.17547607421877,"y":921.1183471679688,"z":-258.11376953125},"rotation":{"x":-0.016808319836854936,"y":0.006596982479095459,"z":-0.00011115195229649544,"w":-0.9998399615287781},"size":715.3641967773438,"orthographic":false}